{
    "weights": [
        -0.0804292757656144,
        0.580403017134136,
        0.15338759352027573,
        0.09564914021343505,
        -0.37903609186755927,
        0.47879101148059144,
        -0.26851771804664915,
        0.2479438301763559,
        0.00038049705560021143
    ],
    "bias": -2.4906178013106044
}