{
    "weights": [
        -0.9661488907911002,
        -0.5924734228072271,
        1.1632574392628192,
        1.0322174585115076
    ],
    "bias": 0.40137731789895903
}