{
    "weights": [
        -0.33659395227099975,
        0.7386644013591708,
        0.26590944451587134,
        -0.008750614396914838,
        -0.8551014341020325,
        0.8234449333259831,
        -0.5073232845192889,
        0.4749142199836823,
        -0.2814263615401391
    ],
    "bias": -1.847067114195026
}