{
    "weights": [
        -3.0040982422353197,
        -1.9381117001540764,
        3.7967350135809452,
        4.041503044013812
    ],
    "bias": -2.2316366840992323
}