{
    "weights": [
        0.05775690722021466,
        0.17830954419281264,
        0.2601737840376662,
        0.0042949226719310365,
        -0.1602068927857456,
        0.5229012388661842,
        0.0774452779982233,
        0.25340256144421713,
        0.2906985592064585
    ],
    "bias": -4.928970271440006
}