{
    "weights": [
        -3.9782522075352427,
        -3.1740991428223415,
        5.554570148420214,
        6.423725514623142
    ],
    "bias": -4.831873220664053
}