{
    "weights": [
        0.13657170683624564,
        0.4036268026758438,
        -0.06490096208624328,
        0.2543265889099424,
        -0.49273892434955835,
        0.6262243147102137,
        -0.5116253687298535,
        -0.2567023232685927,
        -0.21674404212826573
    ],
    "bias": 0.10715294065927243
}