{
    "weights": [
        -0.23616271561604227,
        0.5878590032064505,
        0.23098722367748317,
        0.09038508277561912,
        -0.5281317490147998,
        0.5536482308022567,
        -0.3315819916941572,
        0.2744690236435901,
        -0.022526874179673327
    ],
    "bias": -1.4564156029375515
}