{
    "weights": [
        0.0833982847586756,
        0.3648915532047049,
        0.18099625091188393,
        0.051683896805928504,
        -0.2022640672250963,
        0.3580963679521598,
        -0.051618087930967935,
        0.20390787212541875,
        0.13315348613705372
    ],
    "bias": -3.5010398396646574
}