{
    "weights": [
        -0.3902225972376354,
        0.07569551936502746,
        0.1693229222007664,
        0.4931210015033935
    ],
    "bias": 0.6734176848566972
}