{
    "weights": [
        -0.45660018988395706,
        -0.25817877703566655,
        0.5914802825558889,
        0.6619272626467382
    ],
    "bias": -0.32461394825677403
}