{
    "weights": [
        -0.36141140409408323,
        0.3402929538410296,
        0.035886029834119475,
        0.3472206003712282,
        -0.22256245102447267,
        0.2890460018144382,
        -0.3219371864967713,
        0.38772089734077525,
        -0.1039289992698052
    ],
    "bias": -0.4915648471705133
}