{
    "weights": [
        -0.5808720411265734,
        0.17549652929037698,
        0.48237653133600084,
        0.3134226761113656
    ],
    "bias": 0.34071439939589854
}