{
    "weights": [
        -2.3196007680004946,
        -1.3548641253828562,
        2.943105515950663,
        2.979484706448262
    ],
    "bias": -1.1230389555197349
}