{
    "weights": [
        -0.2571136441303643,
        0.35320605075951,
        0.13265441018938873,
        -0.14265711187721314,
        -0.7257035149118084,
        0.5692072205538763,
        -0.04023112654354714,
        0.24651113205869163,
        0.36420292742808835
    ],
    "bias": -0.6068903296468899
}