{
    "weights": [
        -1.1926085087762157,
        -0.20352138222011482,
        1.299685802784935,
        1.0566879095132764
    ],
    "bias": -0.42897404538127454
}